Model,metrics/mAP50-95(B)
YOLOv11,0.15866
YOLOv5,0.11622
YOLOv8,0.15436
YOLOv9,0.15761
